"Print This Page","Print This Page"
"Compare Products","Compare Products"
"Remove Product","Remove Product"
Product,Product
"Add to Cart","Add to Cart"
"In stock","In stock"
"Out of stock","Out of stock"
"Add to Wish List","Add to Wish List"
"You have no items to compare.","You have no items to compare."
"Related Products","Related Products"
"We found other products you might like!","We found other products you might like!"
"More Choices:","More Choices:"
"New Products","New Products"
"Check items to add to the cart or","Check items to add to the cart or"
"select all","select all"
Qty,Qty
"More Information","More Information"
"Add to Compare","Add to Compare"
"Continue Shopping","Continue Shopping"
Checkout,Checkout
Close,Close
"Quick View","Quick View"
"Quick View Settings","Quick View Settings"
"Quick View Enable","Quick View Enable"
"QuickView Link Text","QuickView Link Text"
"Show Additional Information","Show Additional Information"
"Show Related Product Block","Show Related Product Block"
"Show Checkout Button","Show Checkout Button"
"Popup Close Time","Popup Close Time"
